{
  "note": "Real GloVe glove.6B.100d \u2013 100 dims, averaged per document, Scheme 3",
  "shape": [
    50,
    100
  ],
  "sample_vectors": [
    [
      -0.01689091883599758,
      0.2441505491733551,
      0.36312901973724365,
      -0.18712039291858673,
      -0.1261470913887024,
      0.19751852750778198,
      -0.18482990562915802,
      0.031127849593758583,
      -0.0151445297524333,
      -0.11376594007015228,
      0.058176301419734955,
      -0.06365753710269928,
      0.16978664696216583,
      -0.0848332867026329,
      -0.009965105913579464,
      -0.12507179379463196,
      0.10962068289518356,
      0.11330520361661911,
      -0.2305511236190796,
      0.3248800039291382,
      0.3872402012348175,
      0.09817933291196823,
      0.0983872339129448,
      -0.20402275025844574,
      0.16212151944637299,
      0.011631807312369347,
      -0.145480677485466,
      -0.2788560688495636,
      0.15808801352977753,
      -0.12405743449926376,
      -0.05379277467727661,
      0.3433572053909302,
      -0.024197928607463837,
      -0.05910908803343773,
      0.11838843673467636,
      0.06054450199007988,
      -0.06627292186021805,
      0.1338362842798233,
      -0.030475815758109093,
      -0.1382363885641098,
      -0.3070667088031769,
      -0.012283874675631523,
      0.08664782345294952,
      -0.19669924676418304,
      -0.009321359917521477,
      -0.10011710971593857,
      0.21564754843711853,
      -0.10147561877965927,
      -0.054502375423908234,
      -0.6023716330528259,
      0.07260408252477646,
      -0.04191680625081062,
      0.07451052218675613,
      0.7898942232131958,
      -0.06190288066864014,
      -1.9084643125534058,
      0.039643365889787674,
      -0.0014412179589271545,
      1.0981847047805786,
      0.305096298456192,
      -0.09032329171895981,
      0.7570444941520691,
      -0.1977749913930893,
      -0.030125334858894348,
      0.605279266834259,
      -0.034532759338617325,
      0.4122411906719208,
      0.2908700406551361,
      -0.05469711869955063,
      -0.005263755097985268,
      0.15225763618946075,
      -0.2484106868505478,
      -0.05918475612998009,
      -0.1817936897277832,
      0.0726579949259758,
      0.10463147610425949,
      -0.03370897099375725,
      0.019698815420269966,
      -0.519049882888794,
      -0.011585176922380924,
      0.33540913462638855,
      -0.0305269043892622,
      -0.3216116726398468,
      0.11118160933256149,
      -1.1664055585861206,
      -0.1790328323841095,
      -0.26314741373062134,
      -0.09340919554233551,
      -0.1549641638994217,
      -0.3670051693916321,
      -0.049157675355672836,
      -0.15465809404850006,
      0.03197646513581276,
      0.05240654945373535,
      -0.31328821182250977,
      0.00359158543869853,
      -0.19098003208637238,
      -0.14750255644321442,
      0.2820053696632385,
      0.2471785694360733
    ],
    [
      -0.0467170886695385,
      0.19267390668392181,
      0.3602742850780487,
      -0.23670421540737152,
      -0.17387518286705017,
      0.15965019166469574,
      -0.15586549043655396,
      -0.020391834899783134,
      0.011009478941559792,
      -0.13857857882976532,
      0.05693523585796356,
      0.028790956363081932,
      0.10412883013486862,
      -0.06990983337163925,
      0.04201876372098923,
      -0.05911905691027641,
      0.11088962852954865,
      0.18215978145599365,
      -0.06543052196502686,
      0.3673439025878906,
      0.33671411871910095,
      0.10144290328025818,
      -0.04265523701906204,
      -0.22850866615772247,
      0.1971595585346222,
      0.11336582154035568,
      -0.20226147770881653,
      -0.2966940402984619,
      0.043516989797353745,
      -0.15214942395687103,
      0.050890833139419556,
      0.3961034417152405,
      -0.048075199127197266,
      -0.09090359508991241,
      0.11748598515987396,
      0.17084822058677673,
      -0.10734837502241135,
      0.09798680245876312,
      -0.025681331753730774,
      -0.1340889036655426,
      -0.20595763623714447,
      -0.03373200446367264,
      0.09263581037521362,
      -0.20255155861377716,
      -0.10142827779054642,
      -0.1103300005197525,
      0.11045832186937332,
      -0.1393287032842636,
      -0.038122016936540604,
      -0.6423748731613159,
      0.03112640045583248,
      -0.14430288970470428,
      0.1236078068614006,
      0.8079120516777039,
      -0.02274894341826439,
      -1.9270912408828735,
      -0.02137337252497673,
      0.11140751093626022,
      1.0796610116958618,
      0.24265047907829285,
      -0.03433265909552574,
      0.8281904458999634,
      -0.35801151394844055,
      0.014581711031496525,
      0.6143766641616821,
      -0.07680594176054001,
      0.45030784606933594,
      0.17339803278446198,
      -0.06926517188549042,
      -0.05096403509378433,
      0.08715454488992691,
      -0.19982528686523438,
      -0.012464011088013649,
      -0.05964242294430733,
      0.10310564935207367,
      0.09190646559000015,
      -0.14092378318309784,
      -0.08304794132709503,
      -0.4441874921321869,
      -0.004055425059050322,
      0.21663114428520203,
      -0.0012053877580910921,
      -0.27622827887535095,
      0.014445822685956955,
      -1.136064052581787,
      -0.1294725090265274,
      -0.12076975405216217,
      -0.06369822472333908,
      -0.2392793744802475,
      -0.3315128982067108,
      -0.07230453938245773,
      -0.10603552311658859,
      0.008034633472561836,
      -0.04951304569840431,
      -0.33970126509666443,
      -0.015571950934827328,
      -0.09193864464759827,
      -0.1586809754371643,
      0.22856168448925018,
      0.2564052939414978
    ],
    [
      0.13969820737838745,
      0.2346940040588379,
      0.565064013004303,
      -0.4481331706047058,
      -0.10761799663305283,
      0.13864079117774963,
      -0.13159380853176117,
      -0.40342140197753906,
      -0.5633198022842407,
      -0.2843340039253235,
      -0.019442003220319748,
      -0.2822360098361969,
      0.1144711971282959,
      0.1460321992635727,
      0.15606680512428284,
      -0.08274440467357635,
      0.5192276239395142,
      0.1865403950214386,
      -0.23031000792980194,
      0.9939900636672974,
      0.602273166179657,
      0.15820899605751038,
      0.07325900346040726,
      -0.3852419853210449,
      0.573523998260498,
      0.5298359990119934,
      -0.20078320801258087,
      -0.6662780046463013,
      0.36163002252578735,
      -0.2088458091020584,
      -0.3497360050678253,
      0.7128159999847412,
      -0.2295747995376587,
      -0.15751299262046814,
      0.1773626059293747,
      0.1301479935646057,
      -0.1133795976638794,
      0.4449501931667328,
      0.11321685463190079,
      -0.2756900191307068,
      -0.15334239602088928,
      0.044132791459560394,
      0.14307554066181183,
      0.02195800468325615,
      0.36706000566482544,
      -0.029823999851942062,
      -0.30103880167007446,
      -0.33496445417404175,
      0.20031580328941345,
      -0.5982679724693298,
      -0.1520099937915802,
      0.03272600471973419,
      0.14769399166107178,
      0.8233679533004761,
      0.0932852029800415,
      -2.525979995727539,
      -0.1748019903898239,
      0.23929202556610107,
      1.1869480609893799,
      0.269040584564209,
      -0.01967420056462288,
      0.9592781066894531,
      -0.23700599372386932,
      -0.11009280383586884,
      0.5453279614448547,
      -0.2636438012123108,
      0.6224327683448792,
      0.5526682138442993,
      -0.08427460491657257,
      0.09505800902843475,
      0.13500040769577026,
      -0.04100320115685463,
      0.03391660377383232,
      -0.021458599716424942,
      0.0809369906783104,
      0.41901785135269165,
